Workbook

Sheet lue
A1: 45679 | B1: 23:38:58,380 | C1: pcrglobwb | D1: INFO | E1: The | F1: following | G1: summary | H1: values | I1: do | J1: not | K1: include | L1: storages | M1: in | N1: surface | O1: water | P1: bodies | Q1: (lake, | R1: reservoir | S1: and | T1: channel | U1: storages).
A2: 45679 | B2: 23:38:58,412 | C2: pcrglobwb | D2: INFO | E2: Total | F2: area | G2: 135104900 | H2: km2
A3: 45679 | B3: 23:38:58,417 | C3: pcrglobwb | D3: INFO | E3: Delta | F3: total | G3: storage | H3: days | I3: 1 | J3: to | K3: 366 | L3: in | M3: 2000 | N3: 1345.408 | O3: km3 | P3: 9.958244 | Q3: mm
A4: 45679 | B4: 23:38:58,421 | C4: pcrglobwb | D4: INFO | E4: Accumulated | F4: precipitation | G4: days | H4: 1 | I4: to | J4: 366 | K4: in | L4: 2000 | M4: 111706.5 | N4: km3 | O4: 826.8128 | P4: mm
A5: 45679 | B5: 23:38:58,423 | C5: pcrglobwb | D5: INFO | E5: Accumulated | F5: baseflow | G5: days | H5: 1 | I5: to | J5: 366 | K5: in | L5: 2000 | M5: 28659.57 | N5: km3 | O5: 212.1283 | P5: mm
A6: 45679 | B6: 23:38:58,424 | C6: pcrglobwb | D6: INFO | E6: Accumulated | F6: surfaceWaterInf | G6: days | H6: 1 | I6: to | J6: 366 | K6: in | L6: 2000 | M6: 0.5590971 | N6: km3 | O6: 0.004138244 | P6: mm
A7: 45679 | B7: 23:38:58,425 | C7: pcrglobwb | D7: INFO | E7: Accumulated | F7: runoff | G7: days | H7: 1 | I7: to | J7: 366 | K7: in | L7: 2000 | M7: 48954.33 | N7: km3 | O7: 362.343 | P7: mm
A8: 45679 | B8: 23:38:58,426 | C8: pcrglobwb | D8: INFO | E8: Accumulated | F8: unmetDemand | G8: days | H8: 1 | I8: to | J8: 366 | K8: in | L8: 2000 | M8: 0 | N8: km3 | O8: 0 | P8: mm
A9: 45679 | B9: 23:38:58,427 | C9: pcrglobwb | D9: INFO | E9: Accumulated | F9: infiltration | G9: days | H9: 1 | I9: to | J9: 366 | K9: in | L9: 2000 | M9: 88584.37 | N9: km3 | O9: 655.6709 | P9: mm
A10: 45679 | B10: 23:38:58,428 | C10: pcrglobwb | D10: INFO | E10: Accumulated | F10: gwRecharge | G10: days | H10: 1 | I10: to | J10: 366 | K10: in | L10: 2000 | M10: 28714.65 | N10: km3 | O10: 212.536 | P10: mm
A11: 45679 | B11: 23:38:58,429 | C11: pcrglobwb | D11: INFO | E11: Accumulated | F11: netLqWaterToSoil | G11: days | H11: 1 | I11: to | J11: 366 | K11: in | L11: 2000 | M11: 99930.74 | N11: km3 | O11: 739.6528 | P11: mm
A12: 45679 | B12: 23:38:58,430 | C12: pcrglobwb | D12: INFO | E12: Accumulated | F12: totalPotET | G12: days | H12: 1 | I12: to | J12: 366 | K12: in | L12: 2000 | M12: 120845.7 | N12: km3 | O12: 894.4584 | P12: mm
A13: 45679 | B13: 23:38:58,432 | C13: pcrglobwb | D13: INFO | E13: Accumulated | F13: actualET | G13: days | H13: 1 | I13: to | J13: 366 | K13: in | L13: 2000 | M13: 61398.3 | N13: km3 | O13: 454.449 | P13: mm
A14: 45679 | B14: 23:38:58,433 | C14: pcrglobwb | D14: INFO | E14: Accumulated | F14: interceptEvap | G14: days | H14: 1 | I14: to | J14: 366 | K14: in | L14: 2000 | M14: 10465.68 | N14: km3 | O14: 77.46336 | P14: mm
A15: 45679 | B15: 23:38:58,434 | C15: pcrglobwb | D15: INFO | E15: Accumulated | F15: openWaterEvap | G15: days | H15: 1 | I15: to | J15: 366 | K15: in | L15: 2000 | M15: 0 | N15: km3 | O15: 0 | P15: mm
... A58: 45679 | B58: 23:38:58,481 | C58: pcrglobwb | D58: INFO | E58: Accumulated | F58: nonIrrigationWaterUse | G58: days | H58: 1 | I58: to | J58: 366 | K58: in | L58: 2000 | M58: 0 | N58: km3 | O58: 0 | P58: mm
A59: 45679 | B59: 23:38:58,481 | C59: pcrglobwb | D59: INFO
A60: 45679 | B60: 23:38:58,481 | C60: pcrglobwb | D60: INFO | E60: The | F60: following | G60: summary | H60: is | I60: for | J60: surface | K60: water | L60: bodies.
A61: 45679 | B61: 23:38:58,483 | C61: pcrglobwb | D61: INFO | E61: Delta | F61: surface | G61: water | H61: storage | I61: days | J61: 1 | K61: to | L61: 366 | M61: in | N61: 2000 | O61: 48854.71 | P61: km3 | Q61: 361.6057 | R61: mm
A62: 45679 | B62: 23:38:58,484 | C62: pcrglobwb | D62: INFO | E62: Accumulated | F62: waterBodyEvaporation | G62: days | H62: 1 | I62: to | J62: 366 | K62: in | L62: 2000 | M62: 100.5488 | N62: km3 | O62: 0.7442272 | P62: mm
A63: 45679 | B63: 23:38:58,485 | C63: pcrglobwb | D63: INFO | E63: Accumulated | F63: surfaceWaterInput | G63: days | H63: 1 | I63: to | J63: 366 | K63: in | L63: 2000 | M63: 48853.84 | N63: km3 | O63: 361.5993 | P63: mm
A64: 45679 | B64: 23:38:58,485 | C64: pcrglobwb | D64: INFO | E64: Accumulated | F64: dischargeAtPitTotal | G64: days | H64: 1 | I64: to | J64: 366 | K64: in | L64: 2000 | M64: 1.274136e-41 | N64: km3 | O64: 9.430713e-44 | P64: mm
A65: 45679 | B65: 23:38:58,485 | C65: pcrglobwb | D65: INFO | E65: Accumulated | F65: surfaceWaterBalance | G65: days | H65: 1 | I65: to | J65: 366 | K65: in | L65: 2000 | M65: 0.8682209 | N65: km3 | O65: 0.006426272 | P65: mm
A66: 45679 | B66: 23:38:58,492 | C66: reporting | D66: INFO | E66: reporting | F66: for | G66: time | H66: 36891

Sheet pcraster
A1: 45679 | B1: 23:12:53,263 | C1: pcrglobwb | D1: INFO | E1: The | F1: following | G1: summary | H1: values | I1: do | J1: not | K1: include | L1: storages | M1: in | N1: surface | O1: water | P1: bodies | Q1: (lake, | R1: reservoir | S1: and | T1: channel | U1: storages).
A2: 45679 | B2: 23:12:53,265 | C2: pcrglobwb | D2: INFO | E2: Total | F2: area | G2: 135099300 | H2: km2
A3: 45679 | B3: 23:12:53,268 | C3: pcrglobwb | D3: INFO | E3: Delta | F3: total | G3: storage | H3: days | I3: 1 | J3: to | K3: 366 | L3: in | M3: 2000 | N3: 1345.408 | O3: km3 | P3: 9.958659 | Q3: mm
A4: 45679 | B4: 23:12:53,273 | C4: pcrglobwb | D4: INFO | E4: Accumulated | F4: precipitation | G4: days | H4: 1 | I4: to | J4: 366 | K4: in | L4: 2000 | M4: 111706 | N4: km3 | O4: 826.8435 | P4: mm
A5: 45679 | B5: 23:12:53,275 | C5: pcrglobwb | D5: INFO | E5: Accumulated | F5: baseflow | G5: days | H5: 1 | I5: to | J5: 366 | K5: in | L5: 2000 | M5: 28659.81 | N5: km3 | O5: 212.1387 | P5: mm
A6: 45679 | B6: 23:12:53,277 | C6: pcrglobwb | D6: INFO | E6: Accumulated | F6: surfaceWaterInf | G6: days | H6: 1 | I6: to | J6: 366 | K6: in | L6: 2000 | M6: 0.5590975 | N6: km3 | O6: 0.004138417 | P6: mm
A7: 45679 | B7: 23:12:53,279 | C7: pcrglobwb | D7: INFO | E7: Accumulated | F7: runoff | G7: days | H7: 1 | I7: to | J7: 366 | K7: in | L7: 2000 | M7: 48954.41 | N7: km3 | O7: 362.3586 | P7: mm
A8: 45679 | B8: 23:12:53,281 | C8: pcrglobwb | D8: INFO | E8: Accumulated | F8: unmetDemand | G8: days | H8: 1 | I8: to | J8: 366 | K8: in | L8: 2000 | M8: 0 | N8: km3 | O8: 0 | P8: mm
A9: 45679 | B9: 23:12:53,283 | C9: pcrglobwb | D9: INFO | E9: Accumulated | F9: infiltration | G9: days | H9: 1 | I9: to | J9: 366 | K9: in | L9: 2000 | M9: 88584.22 | N9: km3 | O9: 655.6969 | P9: mm
A10: 45679 | B10: 23:12:53,285 | C10: pcrglobwb | D10: INFO | E10: Accumulated | F10: gwRecharge | G10: days | H10: 1 | I10: to | J10: 366 | K10: in | L10: 2000 | M10: 28714.7 | N10: km3 | O10: 212.5451 | P10: mm
A11: 45679 | B11: 23:12:53,287 | C11: pcrglobwb | D11: INFO | E11: Accumulated | F11: netLqWaterToSoil | G11: days | H11: 1 | I11: to | J11: 366 | K11: in | L11: 2000 | M11: 99930.31 | N11: km3 | O11: 739.6802 | P11: mm
A12: 45679 | B12: 23:12:53,289 | C12: pcrglobwb | D12: INFO | E12: Accumulated | F12: totalPotET | G12: days | H12: 1 | I12: to | J12: 366 | K12: in | L12: 2000 | M12: 120846.2 | N12: km3 | O12: 894.4984 | P12: mm
A13: 45679 | B13: 23:12:53,291 | C13: pcrglobwb | D13: INFO | E13: Accumulated | F13: actualET | G13: days | H13: 1 | I13: to | J13: 366 | K13: in | L13: 2000 | M13: 61398.22 | N13: km3 | O13: 454.4672 | P13: mm
A14: 45679 | B14: 23:12:53,293 | C14: pcrglobwb | D14: INFO | E14: Accumulated | F14: interceptEvap | G14: days | H14: 1 | I14: to | J14: 366 | K14: in | L14: 2000 | M14: 10465.68 | N14: km3 | O14: 77.46653 | P14: mm
A15: 45679 | B15: 23:12:53,295 | C15: pcrglobwb | D15: INFO | E15: Accumulated | F15: openWaterEvap | G15: days | H15: 1 | I15: to | J15: 366 | K15: in | L15: 2000 | M15: 0 | N15: km3 | O15: 0 | P15: mm
... A58: 45679 | B58: 23:12:53,377 | C58: pcrglobwb | D58: INFO | E58: Accumulated | F58: nonIrrigationWaterUse | G58: days | H58: 1 | I58: to | J58: 366 | K58: in | L58: 2000 | M58: 0 | N58: km3 | O58: 0 | P58: mm
A59: 45679 | B59: 23:12:53,377 | C59: pcrglobwb | D59: INFO
A60: 45679 | B60: 23:12:53,377 | C60: pcrglobwb | D60: INFO | E60: The | F60: following | G60: summary | H60: is | I60: for | J60: surface | K60: water | L60: bodies.
A61: 45679 | B61: 23:12:53,380 | C61: pcrglobwb | D61: INFO | E61: Delta | F61: surface | G61: water | H61: storage | I61: days | J61: 1 | K61: to | L61: 366 | M61: in | N61: 2000 | O61: -3701.02 | P61: km3 | Q61: -27.3948 | R61: mm
A62: 45679 | B62: 23:12:53,382 | C62: pcrglobwb | D62: INFO | E62: Accumulated | F62: waterBodyEvaporation | G62: days | H62: 1 | I62: to | J62: 366 | K62: in | L62: 2000 | M62: 33.30332 | N62: km3 | O62: 0.2465099 | P62: mm
A63: 45679 | B63: 23:12:53,383 | C63: pcrglobwb | D63: INFO | E63: Accumulated | F63: surfaceWaterInput | G63: days | H63: 1 | I63: to | J63: 366 | K63: in | L63: 2000 | M63: 48921.11 | N63: km3 | O63: 362.1121 | P63: mm
A64: 45679 | B64: 23:12:53,385 | C64: pcrglobwb | D64: INFO | E64: Accumulated | F64: dischargeAtPitTotal | G64: days | H64: 1 | I64: to | J64: 366 | K64: in | L64: 2000 | M64: 52622.13 | N64: km3 | O64: 389.5069 | P64: mm
A65: 45679 | B65: 23:12:53,385 | C65: pcrglobwb | D65: INFO | E65: Accumulated | F65: surfaceWaterBalance | G65: days | H65: 1 | I65: to | J65: 366 | K65: in | L65: 2000 | M65: 0.004456448 | N65: km3 | O65: 3.298645e-05 | P65: mm

Sheet Sheet3
B2: lue | C2: pcraster | D2: difference
A3: =lue!F4 -> precipitation | B3: =lue!M4 -> 111706.5 | C3: =pcraster!M4 -> 111706 | D3: =(B3-C3) -> 0.5 | E3: =IF(ABS(D3)>0,D3/C3,0) -> 4.4760353e-06
A4: =lue!F5 -> baseflow | B4: =lue!M5 -> 28659.57 | C4: =pcraster!M5 -> 28659.81 | D4: =(B4-C4) -> -0.24 | E4: =IF(ABS(D4)>0,D4/C4,0) -> -8.374096e-06
A5: =lue!F6 -> surfaceWaterInf | B5: =lue!M6 -> 0.5590971 | C5: =pcraster!M6 -> 0.5590975 | D5: =(B5-C5) -> -4e-07 | E5: =IF(ABS(D5)>0,D5/C5,0) -> -7.1543872e-07
A6: =lue!F7 -> runoff | B6: =lue!M7 -> 48954.33 | C6: =pcraster!M7 -> 48954.41 | D6: =(B6-C6) -> -0.08 | E6: =IF(ABS(D6)>0,D6/C6,0) -> -1.6341735e-06
A7: =lue!F8 -> unmetDemand | B7: =lue!M8 -> 0 | C7: =pcraster!M8 -> 0 | D7: =(B7-C7) -> 0 | E7: =IF(ABS(D7)>0,D7/C7,0) -> 0
A8: =lue!F9 -> infiltration | B8: =lue!M9 -> 88584.37 | C8: =pcraster!M9 -> 88584.22 | D8: =(B8-C8) -> 0.15 | E8: =IF(ABS(D8)>0,D8/C8,0) -> 1.6933038e-06
A9: =lue!F10 -> gwRecharge | B9: =lue!M10 -> 28714.65 | C9: =pcraster!M10 -> 28714.7 | D9: =(B9-C9) -> -0.05 | E9: =IF(ABS(D9)>0,D9/C9,0) -> -1.7412684e-06
A10: =lue!F11 -> netLqWaterToSoil | B10: =lue!M11 -> 99930.74 | C10: =pcraster!M11 -> 99930.31 | D10: =(B10-C10) -> 0.43 | E10: =IF(ABS(D10)>0,D10/C10,0) -> 4.3029988e-06
A11: =lue!F12 -> totalPotET | B11: =lue!M12 -> 120845.7 | C11: =pcraster!M12 -> 120846.2 | D11: =(B11-C11) -> -0.5 | E11: =IF(ABS(D11)>0,D11/C11,0) -> -4.1374905e-06
A12: =lue!F13 -> actualET | B12: =lue!M13 -> 61398.3 | C12: =pcraster!M13 -> 61398.22 | D12: =(B12-C12) -> 0.08 | E12: =IF(ABS(D12)>0,D12/C12,0) -> 1.3029694e-06
A13: =lue!F14 -> interceptEvap | B13: =lue!M14 -> 10465.68 | C13: =pcraster!M14 -> 10465.68 | D13: =(B13-C13) -> 0 | E13: =IF(ABS(D13)>0,D13/C13,0) -> 0
A14: =lue!F15 -> openWaterEvap | B14: =lue!M15 -> 0 | C14: =pcraster!M15 -> 0 | D14: =(B14-C14) -> 0 | E14: =IF(ABS(D14)>0,D14/C14,0) -> 0
... A57: =lue!F58 -> nonIrrigationWaterUse | B57: =lue!M58 -> 0 | C57: =pcraster!M58 -> 0 | D57: =(B57-C57) -> 0 | E57: =IF(ABS(D57)>0,D57/C57,0) -> 0
B58: =lue!M59 -> 0 | C58: =pcraster!M59 -> 0 | D58: =(B58-C58) -> 0 | E58: =IF(ABS(D58)>0,D58/C58,0) -> 0
A61: =lue!F62 -> waterBodyEvaporation | B61: =lue!M62 -> 100.5488 | C61: =pcraster!M62 -> 33.30332 | D61: =(B61-C61) -> 67.24548 | E61: =IF(ABS(D61)>0,D61/C61,0) -> 2.0191825
A62: =lue!F63 -> surfaceWaterInput | B62: =lue!M63 -> 48853.84 | C62: =pcraster!M63 -> 48921.11 | D62: =(B62-C62) -> -67.27 | E62: =IF(ABS(D62)>0,D62/C62,0) -> -0.001375071
A63: =lue!F64 -> dischargeAtPitTotal | B63: =lue!M64 -> 1.274136e-41 | C63: =pcraster!M64 -> 52622.13 | D63: =(B63-C63) -> -52622.13 | E63: =IF(ABS(D63)>0,D63/C63,0) -> -1
A64: =lue!F65 -> surfaceWaterBalance | B64: =lue!M65 -> 0.8682209 | C64: =pcraster!M65 -> 0.004456448 | D64: =(B64-C64) -> 0.86376445 | E64: =IF(ABS(D64)>0,D64/C64,0) -> 193.82352
